{
  "dataByBrowser": {
    "and_chr": {
      "64": 1.04384
    },
    "and_ff": {
      "57": 0
    },
    "and_qq": {
      "1.2": 0
    },
    "and_uc": {
      "11.8": 0
    },
    "android": {
      "3": 0,
      "4": 0,
      "62": 0,
      "2.1": 0,
      "2.2": 0,
      "2.3": 0,
      "4.1": 0,
      "4.2-4.3": 0,
      "4.4": 0,
      "4.4.3-4.4.4": 0
    },
    "baidu": {
      "7.12": 0
    },
    "bb": {
      "7": 0,
      "10": 0
    },
    "chrome": {
      "4": 0,
      "5": 0,
      "6": 0,
      "7": 0,
      "8": 0,
      "9": 0,
      "10": 0,
      "11": 0,
      "12": 0,
      "13": 0,
      "14": 0,
      "15": 0,
      "16": 0,
      "17": 0,
      "18": 0,
      "19": 0,
      "20": 0,
      "21": 0,
      "22": 0,
      "23": 0,
      "24": 0,
      "25": 0,
      "26": 0,
      "27": 0,
      "28": 0,
      "29": 0,
      "30": 0,
      "31": 0,
      "32": 0.58455,
      "33": 0.04175,
      "34": 0,
      "35": 0,
      "36": 0,
      "37": 0,
      "38": 0,
      "39": 0,
      "40": 0,
      "41": 0,
      "42": 0,
      "43": 0,
      "44": 0,
      "45": 0,
      "46": 0,
      "47": 0,
      "48": 0.04175,
      "49": 0.12526,
      "50": 0.62630,
      "51": 0.08350,
      "52": 0.20876,
      "53": 0.12526,
      "54": 0.37578,
      "55": 0.50104,
      "56": 0.25052,
      "57": 0.41753,
      "58": 1.04384,
      "59": 1.50313,
      "60": 21.50313,
      "61": 18.28810,
      "62": 10.89770,
      "63": 17.36951,
      "64": 2.50521,
      "65": 0.33402,
      "66": 0,
      "67": 0
    },
    "edge": {
      "12": 0,
      "13": 0,
      "14": 0,
      "15": 0,
      "16": 0,
      "17": 0
    },
    "firefox": {
      "2": 0,
      "3": 0,
      "4": 0,
      "5": 0,
      "6": 0,
      "7": 0,
      "8": 0,
      "9": 0,
      "10": 0,
      "11": 0,
      "12": 0,
      "13": 0,
      "14": 0,
      "15": 0,
      "16": 0,
      "17": 0,
      "18": 0,
      "19": 0,
      "20": 0,
      "21": 0,
      "22": 0,
      "23": 0,
      "24": 0,
      "25": 0,
      "26": 0,
      "27": 0,
      "28": 0,
      "29": 0,
      "30": 0,
      "31": 0,
      "32": 0,
      "33": 0,
      "34": 0,
      "35": 0,
      "36": 0,
      "37": 0,
      "38": 0,
      "39": 0,
      "40": 0,
      "41": 0,
      "42": 0,
      "43": 0,
      "44": 0,
      "45": 0.08350,
      "46": 0,
      "47": 0.20876,
      "48": 0.20876,
      "49": 0.25052,
      "50": 3.08977,
      "51": 0,
      "52": 0.33402,
      "53": 0.62630,
      "54": 0.79331,
      "55": 2.33820,
      "56": 1.50313,
      "57": 2.54697,
      "58": 0.91858,
      "59": 0.29227,
      "60": 0,
      "61": 0,
      "3.5": 0,
      "3.6": 0
    },
    "ie": {
      "6": 0,
      "7": 0,
      "8": 0.79331,
      "9": 0.12526,
      "10": 0.12526,
      "11": 0.58455
    },
    "ie_mob": {
      "10": 0,
      "11": 0
    },
    "ios_saf": {
      "8": 0.50104,
      "10.0-10.2": 0,
      "10.3": 0.25052,
      "11.0-11.2": 0.12526,
      "11.3": 0,
      "3.2": 0,
      "4.0-4.1": 0,
      "4.2-4.3": 0.04175,
      "5.0-5.1": 0,
      "6.0-6.1": 0,
      "7.0-7.1": 0,
      "8.1-8.4": 0,
      "9.0-9.2": 0,
      "9.3": 0.04175
    },
    "op_mini": {
      "all": 0
    },
    "op_mob": {
      "12": 0,
      "37": 0,
      "12.1": 0
    },
    "opera": {
      "15": 0,
      "16": 0,
      "17": 0,
      "18": 0,
      "19": 0,
      "20": 0,
      "21": 0,
      "22": 0,
      "23": 0,
      "24": 0,
      "25": 0,
      "26": 0,
      "27": 0,
      "28": 0,
      "29": 0,
      "30": 0,
      "31": 0,
      "32": 0,
      "33": 0,
      "34": 0,
      "35": 0,
      "36": 0,
      "37": 0,
      "38": 0,
      "39": 0,
      "40": 0,
      "41": 0,
      "42": 0,
      "43": 0,
      "44": 0.33402,
      "45": 0.04175,
      "46": 0.04175,
      "47": 0.04175,
      "48": 0.12526,
      "49": 0.20876,
      "50": 0.08350,
      "51": 0,
      "52": 0,
      "10.0-10.1": 0,
      "11.5": 0,
      "12.1": 0
    },
    "safari": {
      "4": 0,
      "5": 0,
      "6": 0,
      "7": 0,
      "8": 0.08350,
      "9": 0.29227,
      "10": 0.16701,
      "11": 1.41962,
      "10.1": 0.50104,
      "11.1": 0,
      "3.1": 0,
      "3.2": 0,
      "5.1": 0.08350,
      "6.1": 0,
      "7.1": 0,
      "9.1": 0,
      "TP": 0
    },
    "samsung": {
      "4": 0,
      "5": 0,
      "6.2": 0
    }
  },
  "id": "71568934|undefined",
  "meta": {
    "end_date": "2018-02-15",
    "start_date": "2017-08-15"
  },
  "name": "ptb2.me",
  "source": "google_analytics",
  "type": "custom",
  "uid": "custom.71568934|undefined"
}
